{
  "alphas": [
    0.01,
    0.04,
    0.07,
    0.1,
    0.13,
    0.16,
    0.19,
    0.22,
    0.25,
    0.28,
    0.31,
    0.34,
    0.37,
    0.4,
    0.43,
    0.46,
    0.49
  ],
  "abstention_rates": [
    0.9018789144050104,
    0.7682672233820459,
    0.6826722338204593,
    0.5803757828810021,
    0.4759916492693111,
    0.3674321503131524,
    0.35281837160751567,
    0.24843423799582465,
    0.20250521920668058,
    0.15031315240083507,
    0.08768267223382047,
    0.06471816283924843,
    0.06889352818371608,
    0.08977035490605428,
    0.11064718162839249,
    0.17118997912317327,
    0.21920668058455114
  ],
  "confident_fprs": [
    0.0,
    0.0898876404494382,
    0.17592592592592593,
    0.2318840579710145,
    0.281437125748503,
    0.296875,
    0.29381443298969073,
    0.30454545454545456,
    0.33617021276595743,
    0.33064516129032256,
    0.33969465648854963,
    0.3484848484848485,
    0.3436293436293436,
    0.3320610687022901,
    0.33725490196078434,
    0.31512605042016806,
    0.3201754385964912
  ],
  "full_fprs": [
    0.8469750889679716,
    0.7117437722419929,
    0.6832740213523132,
    0.6227758007117438,
    0.5729537366548043,
    0.5195729537366548,
    0.5124555160142349,
    0.4555160142348754,
    0.44483985765124556,
    0.4092526690391459,
    0.3807829181494662,
    0.3594306049822064,
    0.3238434163701068,
    0.3096085409252669,
    0.30604982206405695,
    0.2669039145907473,
    0.2597864768683274
  ]
}