{
  "alphas": [
    0.05,
    0.1,
    0.15,
    0.2,
    0.25,
    0.3,
    0.35,
    0.4,
    0.45,
    0.5
  ],
  "nominal_coverage": [
    0.95,
    0.9,
    0.85,
    0.8,
    0.75,
    0.7,
    0.65,
    0.6,
    0.55,
    0.5
  ],
  "empirical_coverage": [
    0.9582463465553236,
    0.8830897703549061,
    0.8455114822546973,
    0.7954070981210856,
    0.7390396659707724,
    0.6993736951983298,
    0.6617954070981211,
    0.6263048016701461,
    0.5803757828810021,
    0.5407098121085595
  ],
  "q_hats": [
    0.7614641189575195,
    0.702409565448761,
    0.6692614555358887,
    0.6394903659820557,
    0.6199725866317749,
    0.5982344150543213,
    0.5868027210235596,
    0.5664203763008118,
    0.5502315759658813,
    0.5347475409507751
  ]
}